<resources>
    <string name = "app_name">TipCalculatorV5</string>

    <string name = "label_bill">Bill</string>
    <string name = "label_tip_percent">Tip (%)</string>
    <string name = "label_tip">Tip ($)</string>
    <string name = "label_total">Total</string>

    <string name = "amount_bill_hint">Enter bill</string>
    <string name = "amount_tip_percent_hint">Enter tip %</string>

    <string name = "button_calculate">CALCULATE</string>


    <string name="radio_10">10%</string>
    <string name="radio_15">15%</string>
    <string name="radio_20">20%</string>
</resources>
